PR,BOI,2GO,ABAIR,Philippines,
MQ,ENY,Envoy Air,ENVOY,United States,2014[22]
1A,n/a,Amadeus IT Group S.A.,n/a,Global,GDS and airline hosting system (CRS/PSS)
1B,n/a,Sabre travel network Asia-Pacific (ex-Abacus),n/a,APAC,Regional distribution
1E,n/a,Travelsky,n/a,China,Local distribution system and hosting system (CRS/PSS)
1F,n/a,"Infini travel information, Inc.",n/a,Japan,Local distribution system (CRS)
1G,n/a,Travelport (Galileo core),n/a,Global,GDS (CRS)
1H,n/a,Sirena travel,n/a,Russia,Local distribution system (CRS) and PSS
1J,n/a,"Axess international network, Inc.",n/a,Japan,Local distribution system (CRS)
1K,n/a,AIRKIOSK,n/a,Global,Local distribution system (CRS) and PSS
1M,n/a,Sirin,n/a,Russia,Local distribution system (CRS) and PSS
1P,n/a,Travelport (Worldspan core),n/a,Global,GDS (CRS)
1S,n/a,Sabre travel network,n/a,Global,GDS and airline hosting system (CRS/PSS)
1T,n/a,Hitit Computer Services,n/a,Turkey,Computer reservation system
1U,n/a,Google/ITA,n/a,United States,Airline IT provider
2T,TBS,Timbis Air,TIMBIS,Kenya,
Q5,MLA,40-Mile Air,MILE-AIR,United States,
4D,ASD,Air Sinai,AIR SINAI,Egypt,Defunct
4R,SEK,Star East Airlineï¿½[de; fa; it; p,EAST RIDER,Romania,
4O,AIJ,Interjet,ABC AEROLINEAS,Mexico,Defunct
5W,WAZ,Wizz Air Abu Dhabi,WIZZ SKY,United Arab Emirates,
7B,UBE,Bees Airline,FLOWER BEE,Ukraine,"Defunct, AOC revoked due to not having any aircraft."
AQ,JYH,9 Air,TRANS JADE,China,
BJ,ABJ,Abaetï¿½ Linhas Aï¿½,ABAETE,Brazil,defunct
RL,ABG,Abakan-Avia,ROYAL FLIGHT,Russia,
W9,AAB,Abelag Aviation,ABG,Belgium,defunct
M3,TUS,ABSA Cargo,Turismo,Brazil,
GB,ABX,ABX Air,ABEX,United States,"August 15, 2003 Air operations of former Airborne Express"
ZA,CYD,AccessAir,CYCLONE,United States,defunct
VX,AES,ACES Colombia,ACES,Colombia,defunct
KI,DHI,Adam Air,ADAM SKY,Indonesia,defunct
Z7*,ADK,ADC Airlines,ADCO,Nigeria,defunct; former name: Aviation Development Company
JP,ADR,Adria Airways,ADRIA,Slovenia,defunct as of September 2019
4G*,,Advance Leasing Company,,United States,
AN,WSN,Advanced Air,WINGSPAN,United States,2015[2]
A3,AEE,Aegean Airlines,AEGEAN,Greece,
9D,CND,Aero Continente Dominicana,CONDOMINICANA,Dominican Republic,defunct
ML,AEK,Aero Costa Rica,ACORISA,Costa Rica,defunct
VF,TKJ,AJet,ANATOLIAN,Turkey,formerly AnadoluJet
DW,UCR,Aero-Charter Ukraine,CHARTER UKRAINE,Ukraine,
SU,AFL,Aeroflot,AEROFLOT,Russia,
P3,PLS,Aeroflot-Plus,AEROPLUS,Russia,
OB,AAT,Austrian Airtransport,AUSTRIAN CHARTER,Austria,"defunct; former IATA code: U8, OG; former ICAO code: AUC"
SM,AAW,Allied Airways,,United Kingdom,"defunct, taken over by British European Airways which went on to form British Airways."
KJ,AAZ,Asian Air,,Kyrgyzstan,
YE,ACQ,Aryan Cargo Express,,India,
VJ,AFF,Africa Airways,AFRIWAYS,Benin,defunct
QH,FLA,Air Florida,PALM,United States,relaunching
3O,MAC,Air Arabia Maroc,ARABIA MAROC,Morocco,This ICAO designator was previously used by Malta Air Charter
HD,ADO,AIRDO,AIR DO,Japan,
UJ,LMU,AlMasria Universal Airlines,ALMASRIA,Egypt,
A2,AWG,Animawings,ANIMA WINGS,Romania,
X9,NVD,Avion Express,NORDVIND,Lithuania,Name changed from Nordic Solutions Air
3S*,AEN,Aeroland Airways,AEROLAND,Greece,"defunct, ICAO code no longer allocated"
JU,ASL,Air Serbia,AIR SERBIA,Serbia,Name changed from Aeroput to JAT Yugoslav Airlines to Jat Airways to Air Serbia. Formerly used JAT as ICAO code.
XK,CCM,Air Corsica,CORSICA,France,
EI,EIN,Aer Lingus,SHAMROCK,Ireland,
EG,EUK,Aer Lingus UK,GREEN FLIGHT,United Kingdom,
A8,XAU,Aerolink Uganda,PEARL,Uganda,
RV,ROU,Air Canada Rouge,ROUGE,Canada,
7A,AZY,Aztec Worldwide Airlines,AZTEC WORLD,United States,
6U,ACX,Air Cargo Germany,LOADMASTER,Germany,defunct
ZI,AAF,Aigle Azur,AIGLE AZUR,France,Former name: Lucas Aigle Azur; former IATA code: LK
AE,AE,Air Ceylon,CEYLON,Sri Lanka,defunct
4K*,AAS,Askari Aviation,AL-ASS,Pakistan,
8U,AAW,Afriqiyah Airways,AFRIQIYAH,Libya,
Q9,AFU,Afrinat International Airlines,AFRINAT,Gambia,"defunct, ICAO code no longer allocated"
QB,AAJ,Air Alma,AIR ALMA,Canada,Ceased operations 10/01/2002; former IATA code: 4L
LD,AHK,Air Hong Kong,AIR HONG KONG,Hong Kong,
2Y,ADW,Air Andaman,AIR ANDAMAN,Thailand,defunct 2004
UX,AEA,Air Europa,EUROPA,Spain,
IG,AEY,Air Italy,AIR ITALY,Italy,merged into Meridiana
NX,AMU,Air Macau,AIR MACAO,Macao,
6A,AMW,Armenia Airways,ARMENIA,Armenia,
HM,SEY,Air Seychelles,SEYCHELLES,Seychelles,
AF,AFR,Air France,AIRFRANS,France,
SB,ACI,Air Caledonie International,AIRCALIN,France,
EH,AKX,Air Nippon Network Co. Ltd.,ALFA WING,Japan,merged into ANA Wings
ED,AXE,AirExplore,GALILEO,Slovakia,
ZW,AWI,Air Wisconsin,WISCONSIN,United States,
YI,RSI,Air Sunshine,AIR SUNSHINE,United States,
GN,AGN,Air Gabon,GOLF NOVEMBER,Gabon,defunct
9T,RUN,Air ACT,CARGO TURK,Turkey,
ZB,ABN,Air Albania,AIR ALBANIA,Albania,
3J,AAQ,Air Alliance,LIAISON,Canada,defunct
WP,ATW,Air Antwerp,DEVIL,Belgium,defunct
BX,ABL,Air Busan,AIR BUSAN,South Korea,
LB,LEP,Air Costa,LECOSTA,India,
GL,GRL,Air Greenland,GREENLAND,Greenland,
3S,GUY,Air Guyane Express,GREEN BIRD,French Guiana,
NQ,AJX,Air Japan,AIR JAPAN,Japan,
IJ,LIB,Air Libertï,LIBERTE,France,defunct
TT,KLA,Air Lithuania,KAUNAS,Lithuania,defunct
QM,AIM,Air Malawi,MALAWI,Malawi,defunct
L6,AMI,Air Maldives,AIR MALDIVES,Maldives,defunct
P8,MKG,Air Mekong,MEKONG,Vietnam,defunct
ZQ,MNE,Air Montenegro,MOUNT EAGLE,Montenegro,
NZ,ANZ,Air New Zealand,NEW ZEALAND,New Zealand,"""NZ"" used by New Zealand National Airways Corporation until its merger with Air New Zealand in 1978"
4N,ANT,Air North Charter - Canada,AIR NORTH,Canada,
YP,APZ,Air Premia,AIR PREMIA,South Korea,
BM,,Air Sicilia,,Italy,defunct
ZX,ABL,Air BC,AIRCOACH,Canada,Merged into Air Canada Jazz
G8,AGB,Air Service Gabon,,Gabon,defunct
7T,AGV,Air Glaciers,AIR GLACIERS,Switzerland,
6V,VGA,Air Vegas,AIR VEGAS,United States,defunct
NH,ANA,All Nippon Airways,ALL NIPPON,Japan,
TZ,TWG,air-taxi Europe,TWINGOOSE,Germany,
2Q,SNC,Air Cargo Carriers,NIGHT CARGO,United States,
V7,SNG,Air Senegal International,AIR SENEGAL,Senegal,defunct
AB,BER,Air Berlin,AIR BERLIN,Germany,defunct
QN,ARR,Air Armenia,AIR ARMENIA,Armenia,
AI,AIC,Air India Limited,AIRINDIA,India,
PJ,SPM,Air Saint Pierre,SAINT-PIERRE,France,
SZ,WOW,Air Southwest,SWALLOW,United Kingdom,defunct
8C,ATN,Air Transport International,AIR TRANSPORT,United States,
NF,AVN,Air Vanuatu,AIR VAN,Vanuatu,
CC,ABD,Air Atlanta Icelandic,ATLANTA,Iceland,
RB,SBK,Air Srpska,Air Srpska,Bosnia and Herzegovina,defunct
TN,THT,Air Tahiti Nui,TAHITI AIRLINES,France,
SW,NMB,Air Namibia,NAMIBIA,Namibia,defunct
AW,AFW,Africa World Airlines,BLACKSTAR,Ghana,
PE,AEL,Air Europe Italy,AIR EUROPE,Italy,defunct
JM,AJM,Air Jamaica,JAMAICA,Jamaica,merged into Caribbean Airlines; ICAO and IATA codes no longer used.
6G,AWW,Air Wales,RED DRAGON,United Kingdom,"defunct, ICAO code no longer allocated"
TX,FWI,Air Caraï¿½b,FRENCH WEST,France,
IX,AXB,Air India Express,EXPRESS INDIA,India,
BT,BTI,Air Baltic,AIRBALTIC,Latvia,
EL,ANK,Air Nippon,ANK AIR,Japan,"merged into All Nippon Airways, ICAO code no longer allocated"
YW,ANE,Air Nostrum,AIR NOSTRUM,Spain,
PX,ANG,Air Niugini,NIUGINI,Papua New Guinea,
G9,ABY,Air Arabia,ARABIA,United Arab Emirates,
AC,ACA,Air Canada,AIR CANADA,Canada,
AP,LAV,AlbaStar,ALBASTAR,Spain,
E9,MHS,Air Memphis,AIR MEMPHIS,Egypt,defunct
XT,AXL,Air Exel,EXEL COMMUTER,Netherlands,defunct
UM,AZW,Air Zimbabwe,AIR ZIMBABWE,Zimbabwe,
S2,RSH,Air Sahara,SAHARA,India,renamed to Jetlite
TC,ATC,Air Tanzania,TANZANIA,Tanzania,
2J,VBW,Air Burkina,BURKINA,Burkina Faso,
KM,AMC,Air Malta,AIR MALTA,Malta,
YT,TGA,Air Togo,AIR TOGO,Togo,defunct
G4,AAY,Allegiant Air,ALLEGIANT,United States,
O4,ABV,Antrak Air,ANTRAK,Ghana,
8T,TID,Air Tindi,TINDI,Canada,
3L,ADY,Air Arabia Abu Dhabi,Nawras [6][7],United Arab Emirates,
EM*,AEB,Aero Benin,AEROBEN,Benin,defunct
KD,AEN,Air Enterprise,AIR ENTERPRISE,France,defunct
AX,AAC,AmericanConnection[8],CONNECT AMERICA,United States,defunct
VV,AEW,Aerosvit Airlines,AEROSVIT,Ukraine,defunct
WK,AFB,American Falcon,AMERICAN FALCON,Argentina,defunct
QQ,UTY,Alliance Airlines,UNITY,Australia,
FG,AFG,Ariana Afghan Airlines,ARIANA,Afghanistan,
RV*,AFI,Africaone,AFRICAWORLD,The Gambia,
Y2,AFJ,Alliance Air,JAMBO,Uganda,Ceased operations 08/10/2000
5Z,AFX,Airfreight Express,,United Kingdom,Ceased operations 08/03/2002
5D,SLI,Aeromï¿½xico Conne,COSTERA,Mexico,
JJ,AGX,Aviogenex,GENEX,Serbia,defunct
PL,PLI,Aeroperï,Aeroperu,Peru,defunct
8A,BMM,Atlas Blue,ATLAS BLUE,Morocco,defunct
GD,AHA,Air Alpha Greenland,AIR ALPHA,Denmark,sold to Air Greenland
HT,AHW,Aeromist-Kharkiv,AEROMIST,Ukraine,defunct
J2,AHY,Azerbaijan Airlines,AZAL,Azerbaijan,
U3,AIA,Avies,AVIES,Estonia,
4Y,AIB,Airbus Industrie,AIRBUS INDUSTRIE,France,
RS,ASV,Air Seoul,AIR SEOUL,South Korea,
5A,AIP,Alpine Air Express,ALPINE AIR,United States,
ED*,ABQ,Airblue,PAKBLUE,Pakistan,
W4,BES,Aero Services Executive,BIRD EXPRESS,France,
IZ,AIZ,Arkia Israel Airlines,ARKIA,Israel,
M6,AJT,Amerijet International,AMERIJET,United States,
4A,AKL,Air Kiribati,KIRIBATI,Kiribati,
EV,ASQ,Atlantic Southeast Airlines,ACEY,United States,Merged into ExpressJet Airlines
HP,AWE,America West Airlines,CACTUS,United States,Merged with US Airways
6R,TNO,Aerotransporte de Carga Union,AEROUNION,Mexico,
VH,ALV,Aeropostal Alas de Venezuela,AEROPOSTAL,Venezuela,
DP,AMM,Air 2000,JETSET,United Kingdom,defunct
YJ,AMV,AMC Airlines,AMC AIRLINES,Egypt,Aircraft Maintenance Company
AM,AMX,Aeromï¿½xi,AEROMEXICO,Mexico,
TL,ANO,Airnorth,TOPEND,Australia,
OY,ANS,Andes Lï¿½neas Aï¿½,AEROANDES,Argentina,
IW,AOM,AOM French Airlines,French Lines,France,defunct
J6,AOC,AVCOM,AERO AVCOM,Russia,
2D,AOG,Aero VIP,AVIP,Argentina,defunct
VB,VIV,Aeroenlaces Nacionales,AEROENLACES,Mexico,Former ICAO code: AEN
OE,AOT,Asia Overnight Express,ASIA OVERNIGHT,Philippines,
GV,ARF,Aero Flight,Aero Fox,Germany,defunct
JW,APW,Arrow Air,BIG A,United States,defunct
2B,AWT,Albawings,ALBAWINGS,Albania,
4C,ARE,"Aires, Aerovï¿½as de Integraciï¿½n Regional, ",AIRES,Colombia,renamed to LAN Colombia
AR,ARG,Aerolï¿½neas Argentin,ARGENTINA,Argentina,
AS,ASA,"Alaska Airlines, Inc.",ALASKA,United States,
HC,ATI,Aero-Tropics Air Services,AEROTROPICS,Australia,defunct
FO,ATM,Airlines of Tasmania,AIRTAS,Australia,
OS,AUA,Austrian Airlines,AUSTRIAN,Austria,
IQ,AUB,Augsburg Airways,AUGSBURG-AIR,Germany,defunct
RU,ABW,AirBridge Cargo,AIRBRIDGE CARGO,Russia,Former IATA: BO
GR,AUR,Aurigny Air Services,AYLINE,United Kingdom,
NO,AUS,Aus-Air,AUS-AIR,Australia,defunct
AU,AUT,Austral Lï¿½neas Aï¿½,AUSTRAL,Argentina,
K8,ZAK,Airlink Zambia,,Zambia,Zambia Skyways Limited
B9,BGD,Air Bangladesh,AIR BANGLA,Bangladesh,defunct
AK,AXM,AirAsia,RED CAP,Malaysia,ICAO code no longer allocated
D7,XAX,AirAsia X,XANADU,Malaysia,
DJ,WAJ,AirAsia Japan,WING ASIA,Japan,defunct
I5,IAD,AirAsia India,ARIYA,India,Founded 28. Mar 2013
EX,BJK,Atlantic Airlines,BLACKJACK,United States,
3G,AYZ,Atlant-Soyuz Airlines,ATLANT-SOYUZ,Russia,defunct
AZ,AZA,Alitalia,ALITALIA,Italy,defunct
ZE,AZE,Arcus-Air Logistic,ARCUS AIR,Germany,
R7,OCA,Aserca Airlines,AROSCA,Venezuela,
RX,AEH,Aviaexpress,AVEX,Hungary,defunct
ZS,AZI,Azzurra Air,AZZURRA,Italy,defunct
FF,,Airshop,,Netherlands,
WI,WIL,Aero Air,WILLIAMETTE,United States,
VU,VUN,Air Ivoire,AIRIVOIRE,Ivory Coast,defunct
BP,BOT,Air Botswana,BOTSWANA,Botswana,
GS,UPA,Air Foyle,FOYLE,United Kingdom,"defunct, ICAO code no longer allocated"
VT,VTA,Air Tahiti,AIR TAHITI,French Polynesia,
3N,URG,Air Urga,URGA,Ukraine,
VL,VIM,Air VIA,CRYSTAL,Bulgaria,
FK,WTA,Africa West,WEST TOGO,Togo,
G2,VXG,Avirex,AVIREX-GABON,Gabon,
V8,VAS,ATRAN Cargo Airlines,ATRAN,Russian Federation,
K6,KHV,Angkor Air,AIR ANGKOR,Cambodia,
CA,CCA,Air China,AIR CHINA,China,
Q6,CDP,Aero Condor Peru,CONDOR-PERU,Peru,
5F,CIR,Arctic Circle Air Service,AIR ARCTIC,United States,defunct 2011
QC,CRD,Air Corridor,AIR CORRIDOR,Mozambique,defunct
NV,CRF,Air Central,AIR CENTRAL,Japan,Ceased operations 2010
CV,CVA,Air Chathams,CHATHAM,New Zealand,
CW,CWM,Air Marshall Islands,AIR MARSHALLS,Marshall Islands,
AH,DAH,Air Algï¿½r,AIR ALGERIE,Algeria,
ER,DHL,Astar Air Cargo,D-H-L,United States,"defunct, DHL"
EN,DLA,Air Dolomiti,DOLOMITI,Italy,
NM,DRD,Air Madrid,ALADA AIR,Spain,defunct
EE,EAY,Aero Airlines,REVAL,Estonia,defunct
4F,ECE,Air City,AIRCITY,Germany,
E8,ELG,Alpi Eagles,ALPI EAGLES,Italy,"defunct, ICAO code no longer allocated"
RF,EOK,Aero K,AEROHANKUK,South Korea,established in May 2016; commenced operations on 15 April 2021
KY,EQL,Air S?o Tomï¿½ and Prï¿½n,EQUATORIAL,S?o Tomï¿½ and Prï¿½n,defunct
E2/E6,EWE/EWL,Eurowings Europe,EUROPWINGS BLACK PEARL,Austria,
PC,FAJ,Air Fiji,FIJIAIR,Fiji,defunct
JH,FDA,Fuji Dream Airlines,FUJI DREAM,Japan,
OF,FIF,Air Finland,AIR FINLAND,Finland,
FJ,FJI,Fiji Airways,PACIFIC,Fiji,
RC,FLI,Atlantic Airways,FAROELINE,Faroe Islands,
NY,FXI,Air Iceland,FAXI,Iceland,
2P,GAP,Air Philippines,ORIENT PACIFIC,Philippines,
2U,GIP,Air Guinee Express,FUTURE EXPRESS,Guinea,
0A,GNT,Amber Air,GINTA,Lithuania,
DA,GRG,Air Georgia,AIR GEORGIA,Georgia,
LL,GRO,Allegro,ALLEGRO,Mexico,defunct (IATA code reallocated)
5Y,GTI,Atlas Air,GIANT,United States,
GG,GUY,Air Guyane,GREEN BIRD,French Guiana,
H9,HAD,Air d'Ayiti,HAITI AVIA,Haiti,
IP,JOL,Atyrau Air Ways,EDIL,Kazakhstan,
QK,JZA,Air Canada Jazz,JAZZ,Canada,
KK,KKK,Atlasjet,ATLASJET,Turkey,
JS,KOR,Air Koryo,AIR KORYO,Democratic People's Republic of Korea,
KC,KZR,Air Astana,ASTANALINE,Kazakhstan,
LV,LBC,Albanian Airlines,ALBANIAN,Albania,
QP,AKJ,Akasa Air,AKASA AIR,India,
H7,LFA,Air Alfa,AIR ALFA,Turkey,
D4,LID,Alidaunia,ALIDA,Italy,
9I,LLR,Air India Regional,ALLIED,India,
XL,LNE,Aerolane,AEROLANE,Ecuador,Lï¿½neas Aï¿½reas Nacionales Del Ecu
4Z,LNK,Airlink,LINK,South Africa,
FL,LPA,Air Leap,LEAP,Sweden,[12]
A6,LPV,Air Alps Aviation,ALPAV,Austria,
TD,LUR,Atlantis European Airways,ATLANTIS,Armenia,defunct
L8,LXG,Air Luxor GB,LUXOR GOLF,Guinea-Bissau,
LK,LXR,Air Luxor,AIRLUXOR,Portugal,ICAO code no longer allocated
MK,MAU,Air Mauritius,AIRMAURITIUS,Mauritius,
MD,MDG,Air Madagascar,AIR MADAGASCAR,Madagascar,
9U,MLD,Air Moldova,AIR MOLDOVA,Moldova,
L9,MLI,Air Mali,AIR MALI,Mali,defunct
A7,MPD,Air Plus Comet,RED COMET,Spain,
QO,MPX,Aeromexpress,AEROMEXPRESS,Mexico,
MR,MRT,Air Mauritanie,MIKE ROMEO,Mauritania,
2V*,,Amtrak,,United States,Train services only
F4,NBK,Albarka Air,AL-AIR,Nigeria,
AJ,NIG,Aero Contractors,AEROLINE,Nigeria,
8Y,PBU,Air Burundi,AIR-BURUNDI,Burundi,
OT,PEL,Aeropelican Air Services,PELICAN,Australia,
AD,PRZ,Air Paradise International,RADISAIR,Indonesia,Defunct 2005
QD,QCL,Air Class Lï¿½neas Aï¿½,ACLA,Uruguay,
QS,QSC,African Safari Airways,ZEBRA,Kenya,
AG,ARU,Aruba Airlines,ARUBA,Aruba,
MC,RCH,Air Mobility Command,REACH,United States,United States Air Force
RE,REA,Aer Arann,AER ARANN,Ireland,
UU,REU,Air Austral,REUNION,France,
ZP,AZP,Amaszonas Paraguay,GUARANI,Paraguay,
6K,RIT,Asian Spirit,ASIAN SPIRIT,Philippines,
A5,RLA,Airlinair,AIRLINAIR,France,
QL,RLN,Aero Lanka,AERO LANKA,Sri Lanka,
R3,RME,Armenian Airlines,ARMENIAN,Armenia,defunct
MV,RML,Air Mediterranean,HELLASMED,Greece,
2O,RNE,Air Salone,AIR SALONE,Sierra Leone,
U8,RNV,Armavia,ARMAVIA,Armenia,"defunct, ICAO code no longer allocated"
BQ,ROM,Aeromar Lineas Aereas Dominicanas,BRAVO QUEBEC,Dominican Republic,defunct
P5,RPB,AeroRepï¿½bli,AEROREPUBLICA,Colombia,
E4,RSO,Aero Asia International,AERO ASIA,Pakistan,defunct
BF,RSR,Aero-Service,CONGOSERV,Republic of the Congo,
5L,RSU,AeroSur,AEROSUR,Bolivia,
JR,SER,Aero California,AEROCALIFORNIA,Mexico,
Z3,SMJ,Avient Aviation,AVAVIA,Zimbabwe,
8D*,SUW,Astair,,Russian Federation,Name changed to Interavia Airlines
GM,SVK,Air Slovakia,SLOVAKIA,Slovakia,ICAO code no longer allocated
VW,TAO,Aeromar,TRANS-AEROMAR,Mexico,
JY,TCI,Air Turks and Caicos,KERRMONT,Turks and Caicos Islands,ICAO code no longer allocated
CG,TOK,Airlines PNG,BALUS,Papua New Guinea,
TY,TPC,Air Calï¿½don,AIRCAL,France,
TS,TSC,Air Transat,AIR TRANSAT,Canada,
EC,TWN,Avialeasing Aviation Company,TWINARROW,Uzbekistan,
U7,UGA,Air Uganda,UGANDA,Uganda,
KO,AER,Alaska Central Express,ACE AIR,United States,
KH,AAH,Aloha Air Cargo,ALOHA,United States,
AA,AAL,American Airlines,AMERICAN,United States,
WD*,AAN,Amsterdam Airlines,AMSTEL,Netherlands,Former IATA code: FH*. ICAO code and call sign no longer allocated
HO,DJA,Antinea Airlines,ANTINEA,Algeria,defunct
OZ,AAR,Asiana Airlines,ASIANA,South Korea,
8V,ACP,Astral Aviation,ASTRAL CARGO,Kenya,
XM,XME,Australian airExpress,AUS-CARGO,Australia,
AO,AUZ,Australian Airlines,AUSTRALIAN,Australia,Subsidiary merged with Qantas
XP,VXP,Avelo Airlines,AVELO,United States,"Former ICAO code: CXP; former names: Casino Express Airlines, Xtra Airways"
VE,AVE,Avensa,AVENSA,Venezuela,defunct
AV,AVA,Avianca,AVIANCA,Colombia,
A0,MCJ,Avianca Argentina,JETMAC,Argentina,Owned by Synergy Group
O6,ONE,Avianca Brasil,OCEAN AIR,Brazil,Owned by Synergy Group
2K,GLG,Avianca Ecuador,GALAPAGOS,Ecuador,Aerolï¿½neas Galï¿½pago
V5,VLI,Avolar Aerolï¿½ne,AEROVOLAR,Mexico,defunct
CJ,CFE,BA CityFlyer,FLYER,United Kingdom,
TH,BRT,BA Connect,BRITISH,United Kingdom,defunct
B4,BCF,BACH Flugbetriebsges,BACH,Austria,
J4,BDR,Badr Airlines,BADR AIR,Sudan,
UP,BHS,Bahamasair,BAHAMAS,Bahamas,
8Q*,BAJ,Baker Aviation,RODEO,United States,
V9,BTC,BAL Bashkirian Airlines,BASHKIRIAN,Russia,
LZ,LAZ,Balkan Bulgarian Airlines,BALKAN,Bulgaria,defunct
B3,BTN,Bhutan Airlines,BHUTAN AIR,Bhutan,
BA,BAW,British Airways,SPEEDBIRD,United Kingdom,
BG,BBC,Biman Bangladesh Airlines,BANGLADESH,Bangladesh,
BO,BBD,Bluebird Nordic,BLUE CARGO,Iceland,
SI,BCI,Blue Islands,BLUE ISLAND,United Kingdom,
EO,BCL,British Caribbean Airways,,United Kingdom,defunct
WX,BCY,CityJet,CITY JET,Ireland,
BZ,BDA,Blue Dart Aviation,BLUE DART,India,
JA,BON,B&H Airlines,Air Bosna,Bosnia and Herzegovina,
8H,BGH,BH Air,BALKAN HOLIDAYS,Bulgaria,
U4,BHA,Buddha Air,BUDDHA AIR,Nepal,
UH,BHL,Bristow Helicopters,BRISTOW,United Kingdom,
4T,BHP,Belair Airlines,BELAIR,Switzerland,
E6,,Bringer Air Cargo Taxi Aï¿½r,,Brazil,
BS,BIH,British International Helicopters,BRINTEL,United Kingdom,
PG,BKP,Bangkok Airways,BANGKOK AIR,Thailand,
KF,BLF,Blue1,BLUEFIN,Finland,
JV,BLS,Bearskin Lake Air Service,BEARSKIN,Canada,
BD,BMA,BMI,MIDLAND,United Kingdom,defunct
WW,BMI,Bmibaby,BABY,United Kingdom,defunct
CH,BMJ,Bemidji Airlines,BEMIDJI,United States,
BN,BNF,Braniff International Airways,Braniff,United States,defunct
BV,BPA,Blue Panorama Airlines,BLUE PANOROMA,Italy,
7R,BRB,BRA-Transportes Aï¿½re,BRA-TRANSPAEREOS,Brazil,
8E,BRG,Bering Air,BERING AIR,United States,
B2,BRU,Belavia Belarusian Airlines,BELARUS AVIA,Belarus,
GQ,BSY,Big Sky Airlines,BIG SKY,United States,
ID,BTK,Batik Air,BATIK,Indonesia,
4B,BTQ,Boutique Air,BOUTIQUE,United States,
Y6,BTV,Batavia Air,BATAVIA,Indonesia,"As of June 1, 2010, IATA code changed to Y6."
BU,BUN,Buryat Airlines Aircompany,BURAL,Russia,
J8,BVT,Berjaya Air,BERJAYA,Malaysia,
QW,BWG,Blue Wings,BLUE WINGS,Germany,defunct
SN,BXI,Brussels Airlines,XENIA,Belgium,defunct as Brussels International Airlines in 2001
DB,BZH,Brit Air,BRITAIR,France,
JD,CBJ,Beijing Capital Airlines,CAPITAL JET,China,
NT,IBB,Binter Canarias,BINTER,Spain,
0B,BLA,Blue Air,BLUE AIR,Romania,
FB,LZB,Bulgaria Air,FLYING BULGARIA,Bulgaria,
8N,NKF,Barents AirLink,NORDFLIGHT,Sweden,previously Nordkalottflyg
YB,BRJ,Borajet,BORA JET,Turkey,
MX,MXY,Breeze Airways,MOXY,United States,
KR,KME,Cambodia Airways,GIANT IBIS,Cambodia,
5C,ICL,Challenge Airlines IL,CAL,Israel,ex CAL-Cargo Air Lines
3C,CMV,Calima Aviaciï¿,CALIMA,Spain,
MO,CAV,Calm Air,CALM AIR,Canada,
R9,CAM,Camai Air,AIR CAMAI,United States,Village Aviation
UY,UYC,Cameroon Airlines,CAM-AIR,Cameroon,defunct
C6,CJA,CanJet,CANJET,Canada,
CP,CDN,Canadian Airlines,CANADIAN,Canada,defunct
7F,AKT,Canadian North,ARCTIC,Canada,Air Norterra
W2,CWA,Canadian Western Airlines,CANADIAN WESTERN,Canada,
9K,KAP,Cape Air,CAIR,United States,
PT,CCI,Capital Cargo International Airlines,CAPPY,United States,Allocation deleted 2013
2G,CRG,Cargoitalia,WHITE PELICAN,Italy,
W8,CJT,Cargojet Airways,CARGOJET,Canada,
C8,ICV,Cargolux Italia,CARGO MED,Italy,
BW,BWA,Caribbean Airlines,CARIBBEAN AIRLINES,Trinidad and Tobago,
8B,GFI,Caribbean Star Airlines,CARIB STAR,Antigua and Barbuda,
V3,KRP,Carpatair,CARPATAIR,Romania,
KA,HDA,Cathay Dragon,DRAGON,Hong Kong,defunct
CX,CPA,Cathay Pacific,CATHAY,Hong Kong,
KX,CAY,Cayman Airways,CAYMAN,Cayman Islands,
5J,CEB,Cebu Pacific,CEBU,Philippines,
2C,CMA,CMA-CGM AIRCARGO,FRENCH CARGO,France,
9M,GLR,Central Mountain Air,GLACIER,Canada,
J7,CVC,Centre-Avia,AVIACENTRE,Russia,
WE,CWC,Centurion Air Cargo,CHALLENGE CARGO,United States,
OP,CHK,Chalk's International Airlines,CHALKS,United States,
MG,CCP,Champion Air,CHAMPION AIR,United States,
2Z,CGN,Chang An Airlines,CHANGAN,China,
S8,CSU,Chari Aviation Services,CHARI SERVICE,Chad,
RP*,CHQ,Chautauqua Airlines,CHAUTAUQUA,United States,Was US*
CI,CAL,China Airlines,DYNASTY,Taiwan,
CK,CKK,China Cargo Airlines,CARGO KING,China,
MU,CES,China Eastern Airlines,CHINA EASTERN,China,
G5,HXA,China Express Airlines,CHINA EXPRESS,China,
WH,CNW,China Northwest Airlines,CHINA NORTHWEST,China,defunct
CZ,CSN,China Southern Airlines,CHINA SOUTHERN,China,
KN,CUA,China United Airlines,LIANHANG,China,
XO,CXH,China Xinhua Airlines,XINHUA,China,
3Q,CYH,China Yunnan Airlines,YUNNAN,China,defunct
X7,CHF,Chitaavia,CHITA,Russia,
OQ,CQN,Chongqing Airlines,CHONG QING,China,
QI,CIM,Cimber Sterling,CIMBER,Denmark,
C7,CIN,Cinnamon Air,CINNAMON,Sri Lanka,
C9,RUS,Cirrus Airlines,CIRRUS AIR,Germany,defunct
G3,CIX,City Connexion Airlines,CONNEXION,Burundi,defunct
CT,CAT,Civil Air Transport,Mandarin,Taiwan,defunct
6P,ISG,Club Air,CLUBAIR,Italy,
DQ,,Coastal Air,U.S. Virgin Islands,United States,
9L,CJC,Colgan Air,COLGAN,United States,
YD,CAT,Cologne Air Transport GmbH,,Germany,defunct since 1996
OH,COM,Comair,COMAIR,United States,
MN,CAW,Comair,COMMERCIAL,South Africa,
C5,UCA,CommutAir,COMMUTAIR,United States,
DE,CFG,Condor Flugdienst,CONDOR,Germany,
CO,COA,Continental Airlines,CONTINENTAL,United States,"ICAO Code and callsign withdrawn, merged with United Airlines"
CS,CMI,Continental Micronesia,AIR MIKE,United States,
V0,VCV,Conviasa,CONVIASA,Venezuela,
CM,CMP,Copa Airlines,COPA,Panama,
CQ,CCW,Central Charter,CENTRAL CHARTER,Czech Republic,
XC,CAI,Corendon Airlines,CORENDON,Turkey,Turistik Hava Tasimacilik
CD,CND,Corendon Dutch Airlines,DUTCH CORENDON,Netherlands,
LF,VTE,Contour Airlines,VOLUNTEER,United States,
SS,CRL,Corsairfly,CORSAIR,France,
F5,COZ,Cosmic Air,COSMIC AIR,Nepal,
GW,CRG,Costa Rica Green Airways,,Costa Rica,
7C,COY,Coyne Aviation,COYNE AIR,United Kingdom,
OU,CTN,Croatia Airlines,CROATIA,Croatia,
QE,ECC,Crossair Europe,Cigogne,Switzerland,
CU,CUB,Cubana de Aviaciï¿,CUBANA,Cuba,
CY,CYP,Cyprus Airways,CYPRUS,Cyprus,
YK,KYV,Cyprus Turkish Airlines,AIRKIBRIS,Turkey,Ceased operations 2010
OK,CSA,Czech Airlines,CSA-LINES,Czech Republic,
8L,CGP,Cargo Plus Aviation,,United Arab Emirates,
XG,CLI,Clickair,CLICKJET,Spain,Merge into Vueling
PN,CHB,West Air (China),WEST CHINA,China,
WD,DSR,DAS Air Cargo,DAIRAIR,Uganda,
DX,DTR,DAT Danish Air Transport,DANISH,Denmark,
D0,DHK,DHL Air Limited,WORLD EXPRESS,United Kingdom,DHL Air UK
ES,DHX,DHL International,DILMUN,Bahrain,
L3,JOS,DHL de Guatemala,,Guatemala,
D3,DAO,Daallo Airlines,DALO AIRLINES,Djibouti,
N2,DAG,Dagestan Airlines,DAGAL,Russia,
H8,KHB,Dalavia,DALAVIA,Russia,
DD,DDL,Danish Air Lines,,Denmark,defunct
0D,DWT,Darwin Airline,DARWIN,Switzerland,
D5,DAU,Dauair,DAUAIR,Germany,
DL,DAL,Delta Air Lines,DELTA,United States,
2A,,Deutsche Bahn,,Germany,
1I,AMB,Deutsche Rettungsflugwacht,CIVIL AIR AMBULANCE,Germany,
DH,DVA,Discovery Airways,DISCOVERY AIRWAYS,United States,
Z6,UDN,Dniproavia,DNIEPRO,Ukraine,
YU,ADM,Dominair,DOMINAIR,Dominican Republic,"defunct; former IATA code: SS; former name: Aerolï¿½neas Dominicanas, ICAO code no longer allocat"
DO,DOA,Dominicana de Aviaciï¿,DOMINICANA,Dominican Republic,defunct
E3,DMO,Domodedovo Airlines,DOMODEDOVO,Russia,defunct
D9,DNV,Donavia,DONAVIA,Russia,formerly Aeroflot-Don
DZ,EPA,Donghai Airlines,DONGHAI AIR,China,
KB,DRK,Druk Air,ROYAL BHUTAN,Bhutan,
DI,BAG,Dba,SPEEDWAY,Germany,Merged into Air Berlin
9E,EDV,Endeavor Air,ENDEAVOR,United States,
E1,,Everbread,,United Kingdom,
1C,,Electronic Data Systems,,Switzerland,
1Y,,Electronic Data Systems,,United States,
9A,EZX,Eagle Express Air Charter,EAGLEXPRESS,Malaysia,
S9,HSA,East African Safari Air,DUMA,Kenya,
EA,EAL,Eastern Air Lines,EASTERN,United States,defunct
T3,EZE,Eastern Airways,EASTFLIGHT,United Kingdom,
QF,EAQ,Eastern Australia Airlines,EASTERN,Australia,IATA dupe with parent QANTAS. Also uses 2 letter ICAO EA.
DK,ELA,Eastland Air,,Australia,
DS,EZS,easyJet Switzerland,TOPSWISS,Switzerland,
U2,EZY,easyJet UK,EASY,United Kingdom,
MS,MSR,Egyptair,EGYPTAIR,Egypt,
LY,ELY,El Al Israel Airlines,ELAL,Israel,
UZ,BRQ,El-Buraq Air Transport,BURAQAIR,Libya,
EK,UAE,Emirates Airlines,EMIRATES,United Arab Emirates,
EM,CFS,Empire Airlines,EMPIRE AIR,United States,
EU,EEA,Empresa Ecuatoriana De Aviaciï¿,ECUATORIANA,Ecuador,
E0,ESS,Eos Airlines,NEW DAWN,United States,
B8,ERT,Eritrean Airlines,ERITREAN,Eritrea,
E7,ESF,Estafeta Carga Aï¿½r,,Mexico,
OV,ELL,Estonian Air,ESTONIAN,Estonia,
ET,ETH,Ethiopian Airlines,ETHIOPIAN,Ethiopia,
EY,ETD,Etihad Airways,ETIHAD,United Arab Emirates,
RZ,,Euro Exec Express,,Sweden,
MM,MMZ,EuroAtlantic Airways,EUROATLANTIC,Portugal,
UI,ECA,Eurocypria Airlines,EUROCYPRIA,Cyprus,
GJ,EEZ,Eurofly,E-FLY,Italy,
K2,ELO,Eurolot,EUROLOT,Poland,
3W,EMX,Euromanx Airways,EUROMANX,Austria,
5O,FPO,Europe Airpost,FRENCH POST,France,
QY,BCS,European Air Transport,POSTMAN,Belgium,
EW,EWG,Eurowings,EUROWINGS,Germany,
BR,EVA,EVA Air,EVA,Taiwan,
EZ,EIA,Evergreen International Airlines,EVERGREEN,United States,
ZD,EWR,Ewa Air,MAYOTTE AIR,France,
JN,XLA,Excel Airways,EXPO,United Kingdom,
MB,EXA,Execair Aviation,CANADIAN EXECAIRE,Canada,
OW,EXK,Executive Airlines,EXECUTIVE EAGLE,United States,American Eagle
8K,EVS,Exploits Valley Air Services,EVAS,Canada,
IH,,Falcon Aviation,,Sweden,
FE,FEA,Far Eastern Air Transport,Far Eastern,Taiwan,
FD,,Royal Flying Doctor Service,FLYDOC,Australia,
F6,RCK,FaroeJet,ROCKROSE,Faroe Islands,
F3,FSW,Faso Airways,FASO,Burkina Faso,
FX,FDX,FedEx Express,FEDEX,United States,
N8,HGK,Fika Salaama Airlines,SALAAMA,Uganda,
4S,FNC,Finalair Congo,FINALAIR CONGO,Republic of the Congo,
AY,FIN,Finnair,FINNAIR,Finland,
FC,WBA,Finncomm Airlines,WESTBIRD,Finland,
FY,FFM,Firefly,FIREFLY,Malaysia,
8F,FFR,Fischer Air,FISCHER,Czech Republic,
8D,EXV,FitsAir,EXPOAVIA,Sri Lanka,
F8,FLE,Flair Airlines,FLAIR,Canada,
B5,FLT,Flightline,FLIGHTLINE,United Kingdom,defunct
PA,FCL,Florida Coastal Airlines,FLORIDA COASTAL,United States,
F2,FLM,Fly Air,FLY WORLD,Turkey,
8W,EDR,Fly All Ways,BIRDVIEW,Suriname,
G6,ACY,Fly Arna,ARNA,Armenia,
9Y,FGE,Fly Georgia,GEORGIA WING,Georgia,
OJ,FJM,Fly Jamaica Airways,GREENHEART,Jamaica,defunct
9P,FJL,Fly Jinnah,Okaab,Pakistan,
SH,FLY,Fly Me Sweden,FLYBIRD,Sweden,
FP,PVV,Fly Pro,Sunday,Moldova,
F7,BBO,Flybaboo,BABOO,Switzerland,
BE,BEE,Flybe,JERSEY,United Kingdom,
FT,FEG,FlyEgypt,SKY EGYPT,Egypt,
SX,TOR,FlyGTA Airlines,HOMERUN,Canada,
W3,FYH,Flyhy Cargo Airlines,FLY HIGH,Thailand,
TE,LIL,FlyLal,LITHUANIA AIR,Lithuania,defunct
XY,KNE,Flynas,NAS EXPRESS,Saudi Arabia,
FS,FOX,Flyr,GREENSTAR,Norway,
VK,FVK,FlyViking,BALDER,Norway,defunct
VY,FOS,Formosa Airlines,,Taiwan,defunct
3F,FIE,FlyOne Armenia,ARMRIDER,Armenia,
HK,FSC,Four Star Aviation / Four Star Cargo,FOUR STAR,United States,Virgin Islands
FH,FHY,Freebird Airlines,FREEBIRD AIR,Turkey,
SJ,FOM,Freedom Air,FREE AIR,New Zealand,defunct
F9,FFT,Frontier Airlines,FRONTIER FLIGHT,United States,
2F,FTA,Frontier Flying Service,FRONTIER-AIR,United States,
FZ,FDB,Flydubai,SKYDUBAI,UAE,
Y5,GMR,Golden Myanmar Airlines,GOLDEN MYANMAR,Myanmar,
GT,GBL,GB Airways,GEEBEE AIRWAYS,United Kingdom,
Z5,GMG,GMG Airlines,GMG,Bangladesh,
7O,GAL,Galaxy Air,GALAXY,Kyrgyzstan,
GC,GNR,Gambia International Airlines,GAMBIA INTERNATIONAL,Gambia,
G7,GNF,Gandalf Airlines,Gandalf,Italy,
GA,GIA,Garuda Indonesia,INDONESIA,Indonesia,
4G,GZP,Gazpromavia,GAZPROMAVIA,Russia,
A9,TGZ,Georgian Airways,TAMAZI,Georgia,
HE,LGW,German Airways,WALTER,Germany,Former name: Luftfahrtgesellschaft Walter
ST,GMI,Germania,GERMANIA,Germany,
4U,GWI,Germanwings,GERMAN WINGS,Germany,
GP,RIV,APG Airlines,RIVERA,France,
GH,GLP,Globus Airlines,GLOBUS,Russia,
G0,GHB,Ghana International Airlines,GHANA AIRLINES,Ghana,
GK,,Go One Airways,,United Kingdom,Defunct?
DC,GAO,Golden Air,GOLDEN,Sweden,
G1,,Gorkha Airlines,GORKHA AIRLINES,Nepal,?ICAO
ZK,GLA,Great Lakes Airlines,LAKES AIR,United States,
HB,HGB,Greater Bay Airlines,GREATER BAY,Hong Kong,
J9,GIF,Guinee Airlines,GUINEE AIRLINES,Guinea,defunct
GF,GFA,Gulf Air,GULF AIR,Bahrain,
GY,,Guyana Airways 2000,,,
H4,,Hï¿½li Sï¿½curitï¿½ Helicopter Ai,,France,
H6,HAG,Hageland Aviation Services,HAGELAND,United States,
HR,HHN,Hahn Air,ROOSTER,Germany,
H1,,Hahn Air Systems,,Germany,
HU,CHH,Hainan Airlines,HAINAN,China,
1R,,Hainan Phoenix Information Systems,,China,
X3,HLX,Hapag-Lloyd Express,YELLOW CAB,Germany,Became TUI fly Deutschland in 2007
HF,HLF,Hapagfly,HAPAG LLOYD,Germany,Became TUI fly Deutschland in 2007
HQ,HMY,Harmony Airways,HARMONY,Canada,
HA,HAL,Hawaiian Airlines,HAWAIIAN,United States,
BH,,Hawkair,,Canada,defunct since 2016
HN,HVY,Heavylift Cargo Airlines,HEAVY CARGO,Australia,
NS,HBH,Hebei Airlines,HEBEI AIR,China,
JB,JBA,Helijet,HELIJET,Canada,
ZU,HCY,Helios Airways,HELIOS,Cyprus,defunct since 7 November 2006
HJ,HEJ,Hellas Jet,HELLAS JET,Greece,ceased operation in 2010
HW,FHE,Hello,FLYHELLO,Switzerland,
2L,OAW,Helvetic Airways,HELVETIC,Switzerland,
UD,HER,Hex'Air,HEX AIRLINE,France,
5K,HFY,Hi Fly,SKY FLYER,Portugal,
VM,VMS,His Majesty King Maha Vajiralongkorn,VICTOR MIKE[32],Thailand,"holding airline, renamed on his accession[33]"
H5,HOA,Hola Airlines,HOLA,Spain,
HX,CRK,Hong Kong Airlines,BAUHINIA,Hong Kong,
RH,HKC,Hong Kong Air Cargo,MASCOT,Hong Kong,
UO,HKE,Hong Kong Express Airways,HONGKONG SHUTTLE,Hong Kong,
HH,,Hope Air,HOPE AIR,Canada,
QX,QXE,Horizon Air,HORIZON AIR,United States,
I4,EXP,Island Air Express,ISLAND EXPRESS,United States,2014[34]
IK,KAR,Ikar,IKAR,Russian Federation,
IB,IBE,Iberia Airlines,IBERIA,Spain,
II,CSQ,IBC Airways,CHASQUI,United States,
I2,IBS,Iberia Express,IBEREXPRESS,Spain,"Charter service, low cost carrier for EU flights of Iberia operating only A320s"
FW,IBX,Ibex Airlines,IBEX,Japan,
0C,IBL,IBL Aviation,CATOVAIR,Mauritius,
C3,IPR,Independent Carrier (ICAR),ICAR,Ukraine,
FI,ICE,Icelandair,ICEAIR,Iceland,
I7,IOA,IndiaOne Air,INDIA FIRST,India,
6E,IGO,IndiGo,IFLY,India,InterGlobe Aviation
IC,IAC,Indian Airlines,INDAIR,India,
I9,IBU,Indigo Airlines,INDIGO BLUE,United States,
VP,AXC,Indochina Airlines,AIRSPUP,Vietnam,defunct
QZ,AWQ,Indonesia AirAsia,WAGON AIR,Indonesia,
IO,IAA,Indonesian Airlines,INDO LINES,Indonesia,
D6,ILN,Interair South Africa,INLINE,South Africa,
N/A,NCC,"T3 Aviation, Inc.",STARFLEET,United States,2020[36]
6I,IBZ,International Business Air,INTERBIZ,Sweden,was U5
IR,IRA,Iran Air,IRANAIR,Iran,Was B9
EP,IRC,Iran Aseman Airlines,ASEMAN,Iran,
IA,IAW,Iraqi Airways,IRAQI,Iraq,
2S,SDY,Island Express,SANDY ISLE,United States,
CN,,Islands Nationair,,Papua New Guinea,
IF,ISW,Islas Airways,PINTADERA,Spain,
WC,ISV,Islena De Inversiones,,Honduras,
6H,ISR,Israir,ISRAIR,Israel,
GI,IKA,Itek Air,ITEK-AIR,Kyrgyzstan,?ICAO confirmed; IATA not
JC,JEX,JAL Express,JANEX,Japan,
JO,JAZ,JALways,JALWAYS,Japan,
MT,JMC,JMC Airlines,JAYEMMSEE,United Kingdom,
JI,JAE,Jade Cargo International,JADE CARGO,China,defunct
3X,JAC,Japan Air Commuter,COMMUTER,Japan,
JL,JAL,Japan Airlines,JAPANAIR,Japan,Japan Airlines International
NU,JTA,Japan Transocean Air,JAI OCEAN,Japan,
JZ,JAP,JetSMART Perï,RED SMART,Peru,
WJ,JES,JetSMART Argentina,SMARTBIRD,Argentina,
O2,JEA,OLT Express,JETA,Poland,"defunct, funded by acquisition of Jet Air and YES Airways"
9W,JAI,Jet Airways,JET AIRWAYS,India,
QJ,,Jet Airways,,United States,
PP,PJS,Jet Aviation,JETAVIATION,Switzerland,
3K,JSA,Jetstar Asia Airways,JETSTAR ASIA,Singapore,
LS,EXS,Jet2.com,CHANNEX,United Kingdom,
B6,JBU,JetBlue Airways,JETBLUE,United States,
JF,JAA,Jet Asia Airways,JET ASIA,Thailand,
0J,JCS,Jetclub,JETCLUB,Switzerland,
SG,JGO,JetsGo,JETSGO,Canada,defunct
JQ,JST,Jetstar,JETSTAR,Australia,
JX,JEC,Jett8 Airlines Cargo,TAIPAN,Singapore,defunct
GX,JXX,JetX Airlines,JETBIRD,Iceland,
LJ,JNA,Jin Air,JIN AIR,South Korea,
R5,JAV,Jordan Aviation,JORDAN AVIATION,Jordan,
XE,JSX,JSX (airline),BIGSTRIPE,United States,
6J,JUB,Jubba Airways,JUBBA,Somalia,
KW,KHK,Kharkiv Airlines,SUNRAY,Ukraine,
WA,KLC,KLM Cityhopper,CITY,Netherlands,
KL,KLM,KLM,KLM,Netherlands,
K4,CKS,Kalitta Air,CONNIE,United States,"Operates B747-400's, B767-300ER's, B777F"
K9,KFS,Kalitta Charters,KALITTA,United States,"Operates Lear 25s, 35s, 36s Falcon 20s, CL601"
CB*,KII,Kalitta Charters II,DRAGSTER,United States,"Operates B727-200's, DC9-15 & 30, B737-400's"
RQ,KMF,Kam Air,KAMGAR,Afghanistan,
E2,KMP,Kampuchea Airlines,KAMPUCHEA,Cambodia,IATA was KT
V2,AKT,Karat,AVIAKARAT,Russia,
KV,MVD,Kavminvodyavia,AIR MINVODY,Russia,
M5,KEN,Kenmore Air,KENMORE,United States,
KQ,KQA,Kenya Airways,KENYA,Kenya,
ZN,KEY,Key Airlines,KEY AIR,United States,
KG,LYM,Key Lime Air,KEY LIME,United States,
IT,KFR,Kingfisher Airlines,KINGFISHER,India,Defunct Since 2012
4I,KNX,Knighthawk Air Express,KNIGHT FLIGHT,Canada,
Y9,IRK,Kish Air,KISHAIR,Iran,
KP,KIA,Kiwi International Air Lines,KIWI AIR,United States,
7K,KGL,Kogalymavia Air Company,KOGALYM,Russia,
8J,KMV,Komiinteravia,KOMIINTER,Russia,
KE,KAL,Korean Air,KOREANAIR,South Korea,
VD,KPA,Kunpeng Airlines,KUNPENG,China,
KU,KAC,Kuwait Airways,KUWAITI,Kuwait,
GO,KZU,Kuzu Airlines Cargo,KUZU CARGO,Turkey,
N5,KGZ,Kyrgyz Airlines,BERMET,Kyrgyzstan,
R8,KGA,Kyrgyzstan Airlines,KYRGYZ,Kyrgyzstan,
YL,LWA,Libyan Wings,LIBYAN WINGS,Libya,
YQ,LCT,TAR Aerolineas,TAR,Mexico,
LR,LRC,LACSA,LACSA,Costa Rica,
4M,DSM,LATAM Argentina,LAN AR,Argentina,
UC,LCO,LATAM Cargo Chile,LAN CARGO,Chile,
LA,LAN,LATAM Chile,LAN CHILE,Chile,
LU,LXP,LATAM Express,LANEX,Chile,
PZ,LAP,LATAM Paraguay,PARAGUAYA,Paraguay,
LP,LPE,LATAM Peru,LANPERU,Peru,
NI,,LANICA,,Nicaragua,
L5,,Lï¿½nea Aï¿½rea Cuen,,Ecuador,
LO,LOT,LOT Polish Airlines,POLLOT,Poland,"""POLLOT"" is not used in practice. ""LOT"" is used in almost all cases."
LT,LTU,LTU International,LTU,Germany,
N6,JEV,Lagun Air,,Spain,
QV,LAO,Lao Airlines,LAO,Lao People's Democratic Republic,
L7,LPN,Laoag International Airlines,LAOAG AIR,Philippines,
NG,LDA,Lauda Air,LAUDA AIR,Austria,
LQ,LAQ,Lebanese Air Transport,LAT,Lebanon,
LI,LIA,Leeward Islands Air Transport,LIAT,Antigua and Barbuda,
LN,LAA,Libyan Arab Airlines,LIBAIR,Libya,
TM,LAM,Linhas Aï¿½reas de Moï¿½amb,MOZAMBIQUE,Mozambique,
JT,LNI,Lion Air,LION INTER,Indonesia,
LM,LVG,Livingston Energy Flight,LIVINGSTON,Italy,Ceased operations 2010
LH,DLH,Lufthansa,LUFTHANSA,Germany,
CL,CLH,Lufthansa CityLine,HANSALINE,Germany,
L1,,Lufthansa Systems,,Germany,
LG,LGL,Luxair,LUXAIR,Luxembourg,
5V,UKW,Lviv Airlines,UKRAINE WEST,Ukraine,
L2,LYC,Lynden Air Cargo,LYNDEN,United States,
L4,SSX,Lynx Aviation,SHASTA,United States,Part of Frontier Airlines
Z8,AZN,Lï¿½nea Aï¿½rea Amasz,,Bolivia,
MJ,LPR,Lï¿½neas Aï¿½reas Privadas Argent,LAPA,Argentina,defunct
Q2,DQA,Maldivian (airline),SKYSURFER,Maldives,
OD,MXD,Malindo Airways,MALINDO EXPRESS,Malaysia,
M7,MAA,MasAir,MAS CARGA,Mexico,
MY,MWG,MASwings,MASWINGS,Malaysia,
IN,MAK,MAT Macedonian Airlines,MAKAVIO,Macedonia,Defunct
OM,MGL,MIAT Mongolian Airlines,MONGOL AIR,Mongolia,
DM,DAN,Maersk Air,MAERSKAIR,Denmark,Defunct
W5,IRM,Mahan Air,MAHAN AIR,Iran,
M2,MZS,Mahfooz Aviation,MAHFOOZ,Gambia,
MH,MAS,Malaysia Airlines,MALAYSIAN,Malaysia,
TF,SCW,Malmï¿½ Aviati,SCANWING,Sweden,
MA,MAH,Malï¿½v Hungarian Airlin,MALEV,Hungary,defunct
RI,MDL,Mandala Airlines,MANDALA,Indonesia,
JE,MNO,Mango,TULCA,South Africa,
MP,MPH,Martinair,MARTINAIR,Netherlands,
Q4,,Mastertop Linhas Aï¿½re,,Brazil,
8M,MXL,Maxair,MAXAIR,Sweden,
MW,MYD,Maya Island Air,MYLAND,Belize,
7M,MYI,Mayair,MAYAIR,Mexico,
M8,MKN,Mekong Airlines,MEKONG AIRLINES,Cambodia,Defunct
IM,MNJ,Menajet,MENAJET,Lebanon,
MZ,MNA,Merpati Nusantara Airlines,MERPATI,Indonesia,
YV,ASH,Mesa Airlines,AIR SHUTTLE,United States,
XJ,MES,Mesaba Airlines,MESABA,United States,
ME,MEA,Middle East Airlines,CEDAR JET,Lebanon,
YX,MEP,Midwest Airlines,MIDEX,United States,
XV,MVA,Mississippi Valley Airlines,VALAIR,United States,
M4,MSA,Mistral Air,AIRMERCI,Italy,renamed Poste Air Cargo
2M,MDV,Moldavian Airlines,MOLDAVIAN,Moldova,
8I,,Myway Airlines,,Italy,
YM,MGX,Montenegro Airlines,MONTENEGRO,Montenegro,"former callsign was ""MONTAIR"""
5M,MNT,Montserrat Airways,MONTSERRAT,Montserrat,
3R,GAI,Moskovia Airlines,GROMOV AIRLINE,Russia,JSC
M9,MSI,Motor Sich Airlines,MOTOR SICH,Ukraine,
N4,MTC,Mountain Air Company,MOUNTAIN LEONE,Sierra Leone,
Z9,MYM,MYAirline,MYAIR,Malaysia,defunct
VZ,MYT,MyTravel Airways,KESTREL,United Kingdom,"Defunct, callsign now used by Thomas Cook Airlines"
UB,UBA,Myanma Airways,UNIONAIR,Myanmar,
6N,NIN,Niger Airlines,NIGER AIRLINES,Niger,
DV,ACK,Nantucket Airlines,ACK AIR,United States,WAS 9k
P9,,Nas Air,,Mali,
UE,NAS,Nasair,NASAIRWAYS,Eritrea,
N7,ROK,National Airlines,RED ROCK,United States,defunct
NA,NAL,National Airlines,NATIONAL,United States,defunct
9O,,National Airways Cameroon,,Cameroon,
NC,NJS,National Jet Systems,NATIONAL JET,Australia,
CE,NTW,Nationwide Airlines,NATIONWIDE,South Africa,
1N,,Navitaire,,United States,
RA,RNA,Nepal Airlines,ROYAL NEPAL,Nepal,was Royal Nepal Airlines
EJ,NEA,New England Airlines,NEW ENGLAND,United States,
2N,NTJ,NextJet,NEXTJET,Sweden,
HG,NLY,Niki,FLYNIKI,Austria,
KZ,NCA,Nippon Cargo Airlines,NIPPON CARGO,Japan,
XW,NCT,NokScoot,BIG BIRD,Thailand,
5N,AUL,Nordavia,ARCHANGELSK AIR,Russia,
Y7,TYA,NordStar,TAIMYR,Russia,
N0,NBT,Norse Atlantic Airways,LONGSHIP,Norway,
N9,,North Coast Aviation,,Papua New Guinea,
NE,NEE,Northeast Airlines,NORTHEAST,United States,
7H,RVF,Northern Pacific Airways,?Raven Flight,United States,
NW,NWA,Northwest Airlines,NORTHWEST,United States,defunct
J3,PLR,Northwestern Air,POLARIS,Canada,
D8*,IBK,Norwegian Air International,NORTRANS,Ireland,subsidiary of Norwegian Air Shuttle (Ceased operations 2021)
DY,NOZ,Norwegian Air Shuttle,NORDIC,Norway,
DN,NAA,Norwegian Air Argentina,NORUEGA,Argentina,subsidiary of Norwegian Air Shuttle (Ceased operations 2019)
DU,NLH,Norwegian Long Haul,NORSTAR,Norway,subsidiary of Norwegian Air Shuttle (Ceased operations 2021)[48]
D8,NSZ,Norwegian Air Sweden,REDNOSE,Sweden,subsidiary of Norwegian Air Shuttle
O9,NOV,Nova Airways,NOVANILE,Sudan,
VQ,NVQ,Novo Air,NOVO AIR,Bangladesh,
UQ,OCM,O'Connor Airlines,OCONNOR,Australia,Defunct - Bankrupt
O8,OHK,Oasis Hong Kong Airlines,OASIS,Hong Kong,Defunct
VC,VCX,Ocean Airlines,OCEANCARGO,Italy,
OL,OLT,OLT Express Germany,OLTRA,Germany,
OA,OAL,Olympic Air,OLYMPIC,Greece,
WY,OMA,Oman Air,OMAN AIR,Oman,
8Q,OHY,Onur Air,ONUR AIR,Turkey,
R2,ORB,Orenburg Airlines,ORENBURG,Russia,
OX,OEA,Orient Thai Airlines,ORIENT THAI,Thailand,
ON,RON,Our Airline,OUR AIRLINE,Nauru,formerly Air Nauru
O7,OZJ,OzJet,AUSJET,Australia,
PV,PNR,PAN Air,SKYJET,Spain,
9Q,PBA,PB Air,PEEBEE AIR,Thailand,
PU,PUA,PLUNA,PLUNA,Uruguay,
BL,PIC,Pacific Airlines,PACIFIC AIRLINES,Vietnam,
8P,PCO,Pacific Coastal Airlines,PASCO,Canada,
Q8,PEC,Pacific East Asia Cargo Airlines,PAC-EAST CARGO,Philippines,
LW,NMI,Pacific Wings,TSUNAMI,United States,
PK,PIA,Pakistan International Airlines,PAKISTAN,Pakistan,
PF,PNW,Palestinian Airlines,PALESTINIAN,Egypt,
NR,PIR,Pamir Airways,PAMIR,Afghanistan,
7N,PWD,PAWA Dominicana,,Dominican Republic,
KS,PEN,Peninsula Airways,PENINSULA,United States,
Z2,EZD,Philippines AirAsia,REDHOT,Philippines,
9R,VAP,Phuket Air,PHUKET AIR,Thailand,
PI,PAI,Piedmont Airlines (1948-1989),PIEDMONT,United States,defunct
OG,FPY,Play,PLAYER,Iceland,[53]
PO,PAC,Polar Air Cargo,POLAR,United States,
PH,PAO,Polynesian Airlines,POLYNESIAN,Samoa,
PD,POE,Porter Airlines,PORTER,Canada,
BK,PDC,Potomac Air,DISTRICT,United States,
PW,PRF,Precision Air,PRECISION AIR,Tanzania,
TO,PSD,President Airlines,,Cambodia,
P6,PVG,Privilege Style Lï¿½neas Aï¿½,PRIVILEGE,Spain,
P0,PFZ,Proflight Zambia,PROFLIGHT-ZAMBIA,Zambia,
PB,SPR,Provincial Airlines,SPEEDAIR,Canada,
FV,PLK,Pulkovo Aviation Enterprise,PULKOVO,Russia,defunct merged into Rossiya (airline)
QR,QTR,Qatar Airways,QATARI,Qatar,
R6,,RACSA,,Guatemala,
1D,,Radixx,,United States,
V4,REK,Reem Air,REEM AIR,Kyrgyzstan,
YS,RAE,Rï¿½gion,REGIONAL EUROPE,France,
FN,RGL,Regional Air Lines,MAROC REGIONAL,Morocco,
ZL,RXA,Regional Express,REX,Australia,
P7,REP,Regional Paraguaya,REGIOPAR,Paraguay,Defunct
RW,RPA,Republic Airways,BRICKYARD,United States,
SL,RSL,Rio Sul Serviï¿½os Aï¿½reos Regio,RIO SUL,Brazil,defunct
GZ,RAR,Air Rarotonga,AIR RAROTONGA,Cook Islands,
RR,RFR,Royal Air Force,RAFAIR,United Kingdom,
AT,RAM,Royal Air Maroc,ROYALAIR MAROC,Morocco,
R0,RPK,Royal Airlines,ROYAL PAKISTAN,Pakistan,
BI,RBA,Royal Brunei Airlines,BRUNEI,Brunei,
RJ,RJA,Royal Jordanian,JORDANIAN,Jordan,
RK,RCT,Skyview Airways,GREENSKY,THAILAND,2014[55]
WR,HRH,Royal Tongan Airlines,TONGA ROYAL,Tonga,
5R,RUC,Rutaca,RUTACA,Venezuela,
WB,RWD,Rwandair Express,RWANDAIR,Rwanda,
7S,RYA,Ryan Air Services,RYAN AIR,United States,
RD,RYN,Ryan International Airlines,RYAN INTERNATIONAL,United States,defunct 2013
FR,RYR,Ryanair,RYANAIR,Ireland,
RT,BUG,UVT Aero,,Russia,
TR,TGW,Scoot,SCOOTER,Singapore,Former IATA: TZ Former ICAO: SCO; Adopted Tigerair codes after their merger 
6Y,ART,Smartlynx Airlines,SMART LYNX,Latvia,
3Z,TVP,Smartwings Poland,JETTRAVEL,Poland,formerly named Travel Service Poland
6D,TVQ,Smartwings Slovakia,SLOVAKTRAVEL,Slovakia,formerly named Travel Service Slovakia
7E,AWU,Sylt Air GmbH,SYLT-AIR,Germany,
S4,RZO,SATA International,AIR AZORES,Portugal,
SA,SAA,South African Airways,SPRINGBOK,South Africa,
W7,SAH,Sayakhat Airlines,SAYAKHAT,Kazakhstan,
NL,SAI,Shaheen Air,SHAHEEN AIR,Pakistan,
SK,SAS,Scandinavian Airlines,SCANDINAVIAN,"Sweden, Denmark and Norway",
UG,TUX,Tunisair Express,TUNEXPRESS,Tunisia,
S7,SBI,S7 Airlines,SIBERIAN AIRLINES,Russia,
Q7,SBM,SkyBahamas,SKY BAHAMAS,Bahamas,
BB,SBS,Seaborne Airlines,SEABORNE,United States,
S5,SDG,Star Air (India),HISTAR,India,
K5,SQH,SeaPort Airlines,SASQUATCH,United States,Former airline: Wings of Alaska now part of SeaPort Airlines. Alternative callsign: WINGS (for VFR flights only). Former ICAO code: WAK.
SY,SCX,Sun Country Airlines,SUN COUNTRY,United States,
I6,SEQ,Sky Eyes,SKY EYES,Thailand,
7G,SFJ,Star Flyer,STARFLYER,Japan,
FA,SFR,Safair,CARGO,South Africa,
HZ,SHU,Sakhalinskie Aviatrassy (SAT),SATAIR,Russia,
SP,SAT,SATA Air Acores,SATA,Portugal,
8S,,Scorpio Aviation,,,
ZY,SHY,Sky Airlines,ANTALYA BIRD,Turkey,
SQ,SIA,Singapore Airlines,SINGAPORE,Singapore,
3M,SIL,Silver Airways,SILVER WINGS,United States,
XS,SIT,SITA,,Belgium,
D2,SSF,Severstal Air Company,SEVERSTAL,Russia,
5G,SSV,Skyservice Airlines,SKYTOUR,Canada,defunct
SD,SUD,Sudan Airways,SUDANAIR,Sudan,
SV,SVA,Saudia,SAUDIA,Saudi Arabia,
WN,SWA,Southwest Airlines,SOUTHWEST,United States,
A4,SWD,Southern Winds Airlines,SOUTHERN WINDS,Argentina,
WG,SWG,Sunwing Airlines,SUNWING,Canada,
WQ,SWQ,Swift Air (Interstate Equipment Leasing),SWIFTFLIGHT,United States,
LX,SWR,Swiss International Air Lines,SWISS,Switzerland,
SR,SWR,Swissair,SWISSAIR,Switzerland,defunct
WV,SWV,Swe Fly,FLYING SWEDE,Sweden,
WO,WSW,Swoop,SWOOP,Canada,
XQ,SXS,SunExpress,SUNEXPRESS,Turkey,
AL,SYX,Skywalk Airlines,SKYWAY-EX,United States,(Astral Aviation)
7L,AZG,Silk Way West Airlines,SILK WEST,Azerbaijan,
E5,BRZ,Samara Airlines,BERYOZA,Russia,defunct
SC,CDG,Shandong Airlines,SHANDONG,China,
9C,CQH,Spring Airlines,AIR SPRING,China,
3U,CSC,Sichuan Airlines,SI CHUAN,China,
FM,CSH,Shanghai Airlines,SHANGHAI AIR,China,Part of China Eastern Airlines
ZH,CSZ,Shenzhen Airlines,SHENZHEN AIR,China,
SO,HKA,Superior Aviation,SPEND AIR,United States,
JK,JKK,Spanair,SPANAIR,Spain,defunct
RZ*,LRS,Sansa,,Costa Rica,
2G*,MRR,San Juan Airlines,MARINER,United States,
1Z,APD,Sabre Pacific,,Australia,
1Q,,Sirena,,Russia,
NK,NKS,Spirit Airlines,SPIRIT WINGS,United States,
S0,OKS,Slok Air Gambia,SLOK GAMBIA,Gambia,
VA,OZW,Virgin Australia Regional Airlines,VELOCITY,Australia,
S3,BBR,Santa Barbara Airlines,SANTA BARBARA,Venezuela,
H2,SKU,Sky Airline,AEROSKY,Chile,
OO,SKW,SkyWest Airlines,SKYWEST,United States,
BC,SKY,Skymark Airlines,SKYMARK,Japan,
MI,SLK,SilkAir,SILKAIR,Singapore,Merged with Singapore Airlines
6Q,SLL,Slovak Airlines,SLOV LINE,Slovakia,
PY,SLM,Surinam Airways,SURINAM,Suriname,
NB,SNB,Sterling Airlines,STERLING,Denmark,
IE,SOL,Solomon Airlines,SOLOMON,Solomon Islands,
9X,SOU,Southern Airways,SOUTHERN EXPRESS,United States,
6W,SOV,Saratov Airlines Joint Stock Company,SARATOV AIR,Russia,
R1,,Sirin,,,
O3,CSS,SF Airlines,SHUN FENG,China,
PQ,SQP,SkyUp,SKYUP,Ukraine,
U5,,SkyUp MT,,Malta,
P2,LLI,Small Planet Airlines,AURIGA,Italy,defunct
5P,LLX,Small Planet Airlines,GERMANJET,Germany,defunct
UL,ALK,SriLankan Airlines,SRILANKAN,Sri Lanka,
DG,SRQ,Cebgo,BLUE JAY,Philippines,"Formerly SEAir, South East Asian Airlines and Tigerair Philippines"
1L,OSY,Open Skies Consultative Commission,OPEN SKIES,United States,
DT,DTA,TAAG Angola Airlines,DTA,Angola,
VR,TCV,TACV,CABOVERDE,Cape Verde,
TI,TWI,Tailwind Airlines,TAILWIND,Turkey,
EQ,TAE,TAME,TAME,Ecuador,Transporte Aï¿½reos Militares Ecuatorian
QT,TPA,TAMPA,TAMPA,Colombia,
TQ,TDM,Tandem Aero,TANDEM,Moldova,
TP,TAP,TAP Portugal,AIR PORTUGAL,Portugal,
K3,TQN,Taquan Air Services,TAQUAN,United States,
RO,ROT,Tarom,TAROM,Romania,
SF,DTH,Tassili Airlines,TASSILI AIR,Algeria,
T6,TVR,Tavrey Airlines,TAVREY,Ukraine,
T2,TCG,Thai Air Cargo,THAI CARGO,Thailand,
TG,THA,Thai Airways International,THAI,Thailand,
TXZ,,Thai Express Air,EXPRESS AIR,Thailand,
T9,TSX,Thai Star Airlines,THAI STAR,Thailand,
2H,,Thalys,,Belgium,Not an airline (train). Used for codesharing
3P,TNM,Tiara Air,TIARA,Aruba,
ZT,AWC,Titan Airways,ZAP,United Kingdom,
3V,TAY,TNT Airways,QUALITY,Belgium,
TJ,GPD,Tradewind Aviation,GOODSPEED,United States,
TW,TWA,Trans World Airlines,TWA,United States,
UN,TSO,Transaero Airlines,TRANSOVIET,Russia,
GE,TNA,TransAsia Airways,,Taiwan,defunct
HV,TRA,Transavia Holland,TRANSAVIA,Netherlands,
T4,TIB,TRIP Linhas Aï¿½re,TRIP,Brazil,IATA code 8R changed to T4 (2010)
PM,TOS,Tropic Air,TROPISER,Belize,
BY,TOM,TUI Airways,TOM JET,United Kingdom,"Formerly ""TOMSON"""
TB,JAF,TUI fly Belgium,BEAUTY,Belgium,
OR,TFL,TUI fly Netherlands,ORANGE,Netherlands,
6B,BLX,TUI fly Nordic,BLUESCAN,Sweden,
TU,TAR,Tunisair,TUNAIR,Tunisia,
3T,URN,Turan Air,TURAN,Azerbaijan,
TK,THY,Turkish Airlines,TURKISH,Turkey,
T5,TUA,Turkmenistan Airlines,TURKMENISTAN,Turkmenistan,
T7,TJT,Twin Jet,TWINJET,France,
VO,TYR,Tyrolean Airways,TYROLEAN,Austria,Renamed from Austrian Arrows
VNX,TKK,flyADVANCED,TARKA,United States,Aero Ways Inc. flyADVANCED
B7,UIA,UNI Air,GLORY,Taiwan,
UA,UAL,United Airlines,UNITED,United States,
4H,UBD,United Airways,UNITED BANGLADESH,Bangladesh,
U6,SVR,Ural Airlines,SVERDLOVSK AIR,Russia,
QU,UGA,Uganda Airlines (1976?2001),UGANDA,Uganda,Ceased operations 2001
UR,UGD,Uganda Airlines,CRESTED,Uganda,Started operations in 2019
UF,UKM,UM Airlines,UKRAINE MEDITERRANEE,Ukraine,Ukraine Mediterranean Airlines
6Z,UKS,Ukrainian Cargo Airways,CARGOTRANS,Ukraine,
5X,UPS,United Parcel Service,UPS,United States,
US,AWE,US Airways,CACTUS,United States,"defunct, merged with American Airlines in 2015"
UT,UTA,UTair Aviation,UTAIR,Russia,WAS P2 till 2006
HY,UZB,Uzbekistan Airways,UZBEK,Uzbekistan,
PS,AUI,Ukraine International Airlines,UKRAINE INTERNATIONAL,Ukraine,
0V,VFC,Vietnam Air Services Company (VASCO),VASCO AIR,Vietnam,
VN,HVN,Vietnam Airlines,VIET NAM,Vietnam,
NN,MOV,VIM Airlines,MOV AIR,Russia,
2R,,Via Rail Canada,,Canada,
Y4,VOI,Volaris,VOLARIS,Mexico,
VI,VDA,Volga-Dnepr Airlines,VOLGA,Russia,
TV,VEX,Virgin Express,VIRGIN EXPRESS,Belgium,defunct
VS,VIR,Virgin Atlantic,VIRGIN,United Kingdom,
ZG,VVM,Viva Macau,JACKPOT,Macao,defunct
XF,VLK,Vladivostok Air,VLADAIR,Russia,Merged with Aurora
LC,VLO,Varig Logï¿½sti,VELOG,Brazil,defunct
9V,VPA,Vipair Airlines,VIAIR,Kazakhstan,defunct
RG,VRN,Varig,VARIG,Brazil,
VG,VLM,VLM Airlines,RUBENS,Belgium,defunct
UK,VTI,Vistara,Vistara,India,Commenced operations 9 January 2015
WT,WSG,Wasaya Airways,WASAYA,Canada,
2W,WLC,Welcome Air,WELCOMEAIR,Austria,
WZ,WSF,West African Airlines,,Benin,
YH,WCW,West Caribbean Airways,WEST,Colombia,
8O,YWZ,West Coast Air,COAST AIR,Canada,
WS,WJA,WestJet,WESTJET,Canada,
ST*,STT,"Western Aircraft, Inc",SAWTOOTH,United States,
WF,WIF,Wider?e,WIDEROE,Norway,
IV,JET,Wind Jet,GHIBLI,Italy,
7W,QGA,Windrose Air,QUADRIGA,Germany,
8Z,WVL,Wizz Air Bulgaria,WIZZBUL,Bulgaria,defunct in 2011
W6,WZZ,Wizz Air,WIZZAIR,Hungary,
3W*,VNR,Wan Air,WANAIR,French Polynesia,defunct
MF,CXA,Xiamen Airlines,XIAMEN AIR,China,
SE,SEU,XL Airways France,STARWAY,France,
XN,XAR,XpressAir,XPRESS,Indonesia,Renamed from Travel Express Aviation Services in 2012
Y8,YZR,Suparna Airlines,YANGTZE RIVER,China,Former name: Yangtze River Express
Y0,EMJ,Yellow Air Taxi/Friendship Airways,,United States,
IY,IYE,Yemenia,YEMENI,Yemen,
C4,IMX,Zimex Aviation,ZIMEX,Switzerland,
Q3,MBN,Zambian Airways,ZAMBIANA,Zambia,
Z4,OOM,Zoom Airlines,ZOOM,Canada,"defunct, ICAO Code and callsign no longer allocated"
